<?xml version="1.0" encoding="UTF-8"?>
<project xmlns="http://maven.apache.org/POM/4.0.0"
	xmlns:xsi="http://www.w3.org/2001/XMLSchema-instance"
	xsi:schemaLocation="http://maven.apache.org/POM/4.0.0 http://maven.apache.org/maven-v4_0_0.xsd">
	<modelVersion>4.0.0</modelVersion>
	<groupId>com.gamingroom</groupId>
	<artifactId>gameauth</artifactId>
	<name>GameAuth</name>
	<version>0.0.1-SNAPSHOT</version>
	<build>
		<plugins>
			<plugin>
				<artifactId>maven-shade-plugin</artifactId>
				<version>2.4.1</version>
				<executions>
					<execution>
						<phase>package</phase>
						<goals>
							<goal>shade</goal>
						</goals>
					</execution>
				</executions>
				<configuration>
					<createDependencyReducedPom>true</createDependencyReducedPom>
					<transformers>
						<transformer />
						<transformer>
							<mainClass>${mainClass}</mainClass>
						</transformer>
					</transformers>
					<filters>
						<filter>
							<artifact>*:*</artifact>
							<excludes>
								<exclude>META-INF/*.SF</exclude>
								<exclude>META-INF/*.DSA</exclude>
								<exclude>META-INF/*.RSA</exclude>
							</excludes>
						</filter>
					</filters>
				</configuration>
			</plugin>
			<plugin>
				<artifactId>maven-jar-plugin</artifactId>
				<version>3.0.2</version>
				<configuration>
					<archive>
						<manifest>
							<addClasspath>true</addClasspath>
							<mainClass>${mainClass}</mainClass>
						</manifest>
					</archive>
				</configuration>
			</plugin>
			<plugin>
				<artifactId>maven-compiler-plugin</artifactId>
				<version>3.6.1</version>
				<configuration>
					<source>1.8</source>
					<target>1.8</target>
				</configuration>
			</plugin>
			<plugin>
				<artifactId>maven-source-plugin</artifactId>
				<version>3.0.1</version>
				<executions>
					<execution>
						<id>attach-sources</id>
						<goals>
							<goal>jar</goal>
						</goals>
					</execution>
				</executions>
			</plugin>
			<plugin>
				<artifactId>maven-javadoc-plugin</artifactId>
				<version>3.0.0-M1</version>
				<executions>
					<execution>
						<id>attach-javadocs</id>
						<goals>
							<goal>jar</goal>
						</goals>
					</execution>
				</executions>
			</plugin>
		</plugins>
	</build>
	<reporting>
		<plugins>
			<plugin>
				<artifactId>maven-project-info-reports-plugin</artifactId>
				<version>2.8.1</version>
				<configuration>
					<dependencyLocationsEnabled>false</dependencyLocationsEnabled>
					<dependencyDetailsEnabled>false</dependencyDetailsEnabled>
				</configuration>
			</plugin>
			<plugin>
				<artifactId>maven-javadoc-plugin</artifactId>
				<version>2.10.3</version>
			</plugin>
		</plugins>
	</reporting>
	<dependencyManagement>
		<dependencies>
			<dependency>
				<groupId>io.dropwizard</groupId>
				<artifactId>dropwizard-bom</artifactId>
				<version>${dropwizard.version}</version>
				<type>pom</type>
				<scope>import</scope>
			</dependency>
		</dependencies>
	</dependencyManagement>
	<properties>
		<dropwizard.version>1.0.0</dropwizard.version>
		<mainClass>com.gamingroom.gameauth.GameAuthApplication</mainClass>
		<project.reporting.outputEncoding>UTF-8</project.reporting.outputEncoding>
		<project.build.sourceEncoding>UTF-8</project.build.sourceEncoding>
	</properties>
</project>

